Business Name,Contact Name,Phone,Niche,Last Outreach,Outreach Date,Channel,What's Broken,Your Offer,Website URL,Email
Southwest Florida Electric Inc,Business Owner,+12397455020,electrical contractor,email - None,2026-02-10,email,Needs website audit,Free 5-min website health check,https://swflelectric.com,
Collier Electric Fort Myers,Business Owner,+12392757888,electrical contractor,email - None,2026-02-10,email,Needs website audit,Free 5-min website health check,https://collierelectricfm.com,
Roth's Air Conditioning & Refrigeration,Business Owner,+18638087877,HVAC contractor,email - Roth's Air Conditioning & Refrigeration: 1 critical issue found in your AI visibility audit,2026-02-10,email,Needs website audit,Free 5-min website health check,https://rothsairconditioning.com,info@rothsairconditioning.com
Acu-Temp Heating & Cooling,Business Owner,+18636823803,HVAC contractor,email - None,2026-02-10,email,Needs website audit,Free 5-min website health check,https://acu-temp.com,
The Lakeland Air Conditioning Company,Business Owner,+18638594090,HVAC contractor,email - None,2026-02-10,email,Needs website audit,Free 5-min website health check,https://thelakelandac.com,
Affordable Air Conditioning and Heating,Business Owner,+18638607633,HVAC contractor,email - None,2026-02-10,email,Needs website audit,Free 5-min website health check,https://airconditioningandheatingfla.com,
Action Heating and Cooling,Business Owner,+18637017777,HVAC contractor,email - None,2026-02-10,email,Needs website audit,Free 5-min website health check,https://actionheatingandcoolinginc.com,
CAMS A/C N Plumbing,Business Owner,+18632798743,HVAC contractor,email - None,2026-02-10,email,Needs website audit,Free 5-min website health check,https://camsairconditioning.com,
Lindsey Pest Services,Business Owner,+19043509406,pest control company,email - None,2026-02-10,email,Needs website audit,Free 5-min website health check,https://lindseypest.com,
Roof Company Orlando,Business Owner,+14076042017,roofing contractor,email - None,2026-02-10,email,Needs website audit,Free 5-min website health check,https://roofcompanyorlando.com,roofcompanyorlando@gmail.com
My Roofers Orlando,Business Owner,+13213668955,roofing contractor,email - None,2026-02-10,email,Needs website audit,Free 5-min website health check,https://myroofersorlando.com,info@myroofersorlando.com
Quality Roofing Solutions,Business Owner,+18506413657,roofing contractor,email - None,2026-02-10,email,Needs website audit,Free 5-min website health check,https://qualityroofingsolutions.com,info@qualityroofingsolutions.com
Performance Roofing USA,Business Owner,+14072101503,roofing contractor,email - None,2026-02-10,email,Needs website audit,Free 5-min website health check,https://performanceroofingusa.com,info@performanceroofingusa.com
Unknown Business,Momentum Mechanical,(817)-624-0024,Local Business,email - Quick question about your company,2026-02-10,email,Needs website audit,Free one-page website setup,,admin@momentummechanical.com
Unknown Business,dallas owner,+13529368152,Local Business,sms - None,2026-02-09,sms,Needs website audit,Free one-page website setup,,admin@dallaselitetowing.com
Unknown Business,Leeds Professional Resources,+12502211154,Local Business,email - None,2026-02-10,email,Needs website audit,Free 5-min website health check,http://www.leedsresources.com,
Unknown Business,The Immigrant Academy,+14066143815,Local Business,email - None,2026-02-10,email,Needs website audit,Free 5-min website health check,http://www.theimmigrantacademy.com,
Unknown Business,NextPath Career Partners,+11999999999,Local Business,email - None,2026-02-10,email,Needs website audit,Free 5-min website health check,http://www.nextpathcp.com,
Unknown Business,Dallas Heating & Cooling,+1 (214) 555-0162,Local Business,email - This caught my eye about your company,2026-02-09,email,Needs website audit,Free one-page website setup,,quotes@dallashvac.com
Unknown Business,Atlantic Partners Corporation,+15619129363,Local Business,email - None,2026-02-10,email,Needs website audit,Free 5-min website health check,http://www.atlanticpartnerscorp.com,
Unknown Business,Leeds Professional Resources,+12502211154,Local Business,email - None,2026-02-10,email,Needs website audit,Free 5-min website health check,http://www.leedsresources.com,
Unknown Business,Central Aire Heating & Air Conditoning Service Inc.,951-352-2802,Local Business,email - This caught my eye about your company,2026-02-09,email,Needs website audit,Free one-page website setup,,info@centralaireinc.com
Unknown Business,"Mesquite Heating & Air Conditioning, Inc.",972-289-7414,Local Business,email - Noticed something on your site,2026-02-09,email,Needs website audit,Free one-page website setup,,info@mesquiteheatingandair.com
Unknown Business,BTAC,(806) 806-2822,Local Business,email - This caught my eye about your company,2026-02-09,email,Needs website audit,Free one-page website setup,,CONTACT@BTACINC.COM
Unknown Business,"Willard Air Conditioning, Plumbing, and Electrical",(817) 290-3525,Local Business,email - Noticed something on your site,2026-02-09,email,Needs website audit,Free one-page website setup,,info@willardac.com
Unknown Business,The Weather Changers,(303) 340-0077,Local Business,"email - The, quick question about your industry",2026-02-09,email,Needs website audit,Free one-page website setup,,office@theweatherchangers.com
Unknown Business,Owner 25,+18635550025,Local Business,email - None,2026-02-09,email,Needs website audit,Free 5-min website health check,https://www.cooling25.com,contact@cooling25.com
Unknown Business,LaTeam Partners,+13320946824,Local Business,email - None,2026-02-10,email,Needs website audit,Free 5-min website health check,http://www.lateampartners.com,
Unknown Business,The Immigrant Academy,+14066143815,Local Business,email - None,2026-02-10,email,Needs website audit,Free 5-min website health check,http://www.theimmigrantacademy.com,
Unknown Business,Atlantic Partners Corporation,+15619129363,Local Business,email - None,2026-02-10,email,Needs website audit,Free 5-min website health check,http://www.atlanticpartnerscorp.com,
Unknown Business,World Brand Design Society,+11755155355,Local Business,email - None,2026-02-10,email,Needs website audit,Free 5-min website health check,http://www.worldbranddesign.com,
Unknown Business,Roth Home,(503) 673-6394,Local Business,"email - Roth, quick question about your industry",2026-02-09,email,Needs website audit,Free one-page website setup,,info@roth-heat.com
Unknown Business,SiiRA,+11078150855,Local Business,email - None,2026-02-10,email,Needs website audit,Free 5-min website health check,http://www.siira.world,
Unknown Business,niel coman,+13529368555,Local Business,No outreach yet,N/A,None,Needs website audit,Free one-page website setup,,nmiss1193@gmail.com
Unknown Business,rapid services,+17373813595,Local Business,No outreach yet,N/A,None,Needs website audit,Free one-page website setup,,
Unknown Business,None None,+13392735455,Local Business,No outreach yet,N/A,None,Needs website audit,Free one-page website setup,,
Unknown Business,None None,+16028474452,Local Business,No outreach yet,N/A,None,Needs website audit,Free one-page website setup,,
Unknown Business,None None,+18554808573,Local Business,No outreach yet,N/A,None,Needs website audit,Free one-page website setup,,
Unknown Business,The Immigrant Academy,+14066143815,Local Business,email - None,2026-02-10,email,Needs website audit,Free 5-min website health check,http://www.theimmigrantacademy.com,
Unknown Business,The Immigrant Academy,+14066143815,Local Business,email - None,2026-02-10,email,Needs website audit,Free 5-min website health check,http://www.theimmigrantacademy.com,hello@theimmigrantacademy.com
Unknown Business,daniel hunaw,+13527368152,Local Business,No outreach yet,N/A,None,Needs website audit,Free one-page website setup,,danes@englishforsuccessusa.com
Unknown Business,HVAC & Appliance Repair Guys,(503) 512-5900,Local Business,email - This caught my eye about your company,2026-02-10,email,Needs website audit,Free one-page website setup,,hvacapplianceguys@gmail.com
Unknown Business,guest user,+15551234567,Local Business,sms - Direct Webhook,2026-01-27,sms,Needs website audit,Free one-page website setup,,test@example.com
Unknown Business,Test Vanderbilt,+15550199999,Local Business,sms - None,2026-02-09,sms,Needs website audit,Free 5-min website health check,vanderbilt-test.example.com,test.vanderbilt.1e0d@example.com
Unknown Business,None None,+18506745730,Local Business,No outreach yet,N/A,None,Needs website audit,Free one-page website setup,,
Unknown Business,None None,+13527874080,Local Business,No outreach yet,N/A,None,Needs website audit,Free one-page website setup,,
Unknown Business,None None,+14045421059,Local Business,No outreach yet,N/A,None,Needs website audit,Free one-page website setup,,
Unknown Business,None None,+17069366252,Local Business,No outreach yet,N/A,None,Needs website audit,Free one-page website setup,,
Unknown Business,None None,+13523257715,Local Business,No outreach yet,N/A,None,Needs website audit,Free one-page website setup,,
Unknown Business,None None,+19312315993,Local Business,No outreach yet,N/A,None,Needs website audit,Free one-page website setup,,
Unknown Business,None None,+19316003952,Local Business,No outreach yet,N/A,None,Needs website audit,Free one-page website setup,,
Unknown Business,Owner 1,+18635550001,Local Business,email - None,2026-01-28,email,Needs website audit,Free 5-min website health check,https://www.cooling1.com,contact@cooling1.com
Unknown Business,spartan tester,+15550199999,Local Business,sms - None,2026-02-09,sms,Needs website audit,Free one-page website setup,,spartantest@aiservico.com
Unknown Business,NextPath Career Partners,+11999999999,Local Business,email - None,2026-02-10,email,Needs website audit,Free 5-min website health check,http://www.nextpathcp.com,
Unknown Business,World Brand Design Society,+11755155355,Local Business,email - None,2026-02-10,email,Needs website audit,Free 5-min website health check,http://www.worldbranddesign.com,
Unknown Business,Atlantic Partners Corporation,+15619129363,Local Business,email - None,2026-02-10,email,Needs website audit,Free 5-min website health check,http://www.atlanticpartnerscorp.com,
Unknown Business,Old School Plumbers,+15550102,Local Business,No outreach yet,N/A,None,Needs website audit,Free one-page website setup,,
Unknown Business,Rapid Response Plumbing,+15550100,Local Business,email - None,2026-01-28,email,Needs website audit,Free 5-min website health check,rapidplumb.com,
Unknown Business,24/7 Leak Fixers,+15550101,Local Business,email - None,2026-01-28,email,Needs website audit,Free 5-min website health check,leakfixers247.com,
Unknown Business,Test Vanderbilt,+15550199999,Local Business,sms - None,2026-02-09,sms,Needs website audit,Free 5-min website health check,vanderbilt-test.example.com,test.vanderbilt.5385@example.com
Unknown Business,None None,+16122296479,Local Business,No outreach yet,N/A,None,Needs website audit,Free one-page website setup,,
Unknown Business,None None,+18135319930,Local Business,No outreach yet,N/A,None,Needs website audit,Free one-page website setup,,
Unknown Business,None None,+18636837828,Local Business,No outreach yet,N/A,None,Needs website audit,Free one-page website setup,,
Unknown Business,Owner 3,+18635550003,Local Business,No outreach yet,N/A,None,Needs website audit,Free 5-min website health check,https://www.cooling3.com,contact@cooling3.com
Unknown Business,Owner 5,+18635550005,Local Business,No outreach yet,N/A,None,Needs website audit,Free 5-min website health check,https://www.cooling5.com,contact@cooling5.com
Unknown Business,Owner 6,+18635550006,Local Business,No outreach yet,N/A,None,Needs website audit,Free 5-min website health check,https://www.cooling6.com,contact@cooling6.com
Unknown Business,Owner 7,+18635550007,Local Business,No outreach yet,N/A,None,Needs website audit,Free 5-min website health check,https://www.cooling7.com,contact@cooling7.com
Unknown Business,Owner 8,+18635550008,Local Business,No outreach yet,N/A,None,Needs website audit,Free 5-min website health check,https://www.cooling8.com,contact@cooling8.com
Unknown Business,Owner 9,+18635550009,Local Business,No outreach yet,N/A,None,Needs website audit,Free 5-min website health check,https://www.cooling9.com,contact@cooling9.com
Unknown Business,Owner 11,+18635550011,Local Business,No outreach yet,N/A,None,Needs website audit,Free 5-min website health check,https://www.cooling11.com,contact@cooling11.com
Unknown Business,Owner 12,+18635550012,Local Business,No outreach yet,N/A,None,Needs website audit,Free 5-min website health check,https://www.cooling12.com,contact@cooling12.com
Unknown Business,NextPath Career Partners,+11999999999,Local Business,email - None,2026-02-10,email,Needs website audit,Free 5-min website health check,http://www.nextpathcp.com,
Unknown Business,Owner 16,+18635550016,Local Business,email - None,2026-02-09,email,Needs website audit,Free 5-min website health check,https://www.cooling16.com,contact@cooling16.com
Unknown Business,Leeds Professional Resources,+12502211154,Local Business,email - None,2026-02-10,email,Needs website audit,Free 5-min website health check,http://www.leedsresources.com,
Unknown Business,NextPath Career Partners,+11999999999,Local Business,email - None,2026-02-10,email,Needs website audit,Free 5-min website health check,http://www.nextpathcp.com,
Unknown Business,NextPath Career Partners,+11999999999,Local Business,email - None,2026-02-10,email,Needs website audit,Free 5-min website health check,http://www.nextpathcp.com,
Unknown Business,The Immigrant Academy,+14066143815,Local Business,email - None,2026-02-10,email,Needs website audit,Free 5-min website health check,http://www.theimmigrantacademy.com,
Unknown Business,daniel coffman,+14077396988,Local Business,sms - Direct Webhook,2026-01-27,sms,Needs website audit,Free one-page website setup,,niss1193@gmail.com
Unknown Business,None None,+13502005636,Local Business,No outreach yet,N/A,None,Needs website audit,Free one-page website setup,,
Unknown Business,None None,+13252291856,Local Business,No outreach yet,N/A,None,Needs website audit,Free one-page website setup,,
Unknown Business,None None,+18635197586,Local Business,No outreach yet,N/A,None,Needs website audit,Free one-page website setup,,
Unknown Business,None None,+19316394872,Local Business,No outreach yet,N/A,None,Needs website audit,Free one-page website setup,,
Unknown Business,None None,+19312310550,Local Business,No outreach yet,N/A,None,Needs website audit,Free one-page website setup,,
Unknown Business,None None,+17066295161,Local Business,No outreach yet,N/A,None,Needs website audit,Free one-page website setup,,
Unknown Business,None None,+14236297779,Local Business,No outreach yet,N/A,None,Needs website audit,Free one-page website setup,,
Unknown Business,None None,+13525621402,Local Business,No outreach yet,N/A,None,Needs website audit,Free one-page website setup,,
Unknown Business,None None,+14236454726,Local Business,No outreach yet,N/A,None,Needs website audit,Free one-page website setup,,
Unknown Business,None None,+19312244934,Local Business,No outreach yet,N/A,None,Needs website audit,Free one-page website setup,,
Unknown Business,None None,+17702722558,Local Business,No outreach yet,N/A,None,Needs website audit,Free one-page website setup,,
Unknown Business,SeaTown Electric Plumbing Heating & Air,(206) 905-3690,Local Business,email - This caught my eye about your company,2026-02-10,email,Needs website audit,Free one-page website setup,,Info@Seatownservices.Com
Unknown Business,Business Owner,+18135551001,Local Business,No outreach yet,N/A,None,Needs website audit,Free one-page website setup,,test1@coolairhvac.com
Unknown Business,Business Owner,+18135551002,Local Business,No outreach yet,N/A,None,Needs website audit,Free one-page website setup,,test2@sunshine.com
Unknown Business,Business Owner,+18135551003,Local Business,No outreach yet,N/A,None,Needs website audit,Free one-page website setup,,test3@arcticbreeze.com
Unknown Business,Business Owner,+18135551004,Local Business,No outreach yet,N/A,None,Needs website audit,Free one-page website setup,,test4@comfortzone.com
Unknown Business,Business Owner,+18135551005,Local Business,No outreach yet,N/A,None,Needs website audit,Free one-page website setup,,test5@proclimate.com
Unknown Business,None None,+18563048827,Local Business,No outreach yet,N/A,None,Needs website audit,Free one-page website setup,,
Unknown Business,None None,+18632935700,Local Business,No outreach yet,N/A,None,Needs website audit,Free one-page website setup,,
Unknown Business,None None,+17063387851,Local Business,No outreach yet,N/A,None,Needs website audit,Free one-page website setup,,
Unknown Business,None None,+17068675368,Local Business,No outreach yet,N/A,None,Needs website audit,Free one-page website setup,,
Unknown Business,Talentify.io,+11701429735,Local Business,email - None,2026-02-10,email,Needs website audit,Free 5-min website health check,http://www.talentify.io,
Unknown Business,Talentify.io,+11701429735,Local Business,email - None,2026-02-10,email,Needs website audit,Free 5-min website health check,http://www.talentify.io,
Unknown Business,Talentify.io,+11701429735,Local Business,email - None,2026-02-10,email,Needs website audit,Free 5-min website health check,http://www.talentify.io,
Unknown Business,Leeds Professional Resources,+12502211154,Local Business,email - None,2026-02-10,email,Needs website audit,Free 5-min website health check,http://www.leedsresources.com,
Unknown Business,The Immigrant Academy,+14066143815,Local Business,email - None,2026-02-10,email,Needs website audit,Free 5-min website health check,http://www.theimmigrantacademy.com,
Unknown Business,NextPath Career Partners,+11999999999,Local Business,email - None,2026-02-10,email,Needs website audit,Free 5-min website health check,http://www.nextpathcp.com,
Unknown Business,SiiRA,+11078150855,Local Business,email - None,2026-02-10,email,Needs website audit,Free 5-min website health check,http://www.siira.world,
Unknown Business,World Brand Design Society,+11755155355,Local Business,email - None,2026-02-10,email,Needs website audit,Free 5-min website health check,http://www.worldbranddesign.com,
Unknown Business,NextPath Career Partners,+11999999999,Local Business,email - None,2026-02-10,email,Needs website audit,Free 5-min website health check,http://www.nextpathcp.com,
Unknown Business,LaTeam Partners,+13320946824,Local Business,email - None,2026-02-10,email,Needs website audit,Free 5-min website health check,http://www.lateampartners.com,
Unknown Business,LaTeam Partners,+13320946824,Local Business,email - None,2026-02-10,email,Needs website audit,Free 5-min website health check,http://www.lateampartners.com,
Unknown Business,World Brand Design Society,+11755155355,Local Business,email - None,2026-02-10,email,Needs website audit,Free 5-min website health check,http://www.worldbranddesign.com,
Unknown Business,NextPath Career Partners,+11999999999,Local Business,email - None,2026-02-10,email,Needs website audit,Free 5-min website health check,http://www.nextpathcp.com,
Unknown Business,Talentify.io,+11701429735,Local Business,email - None,2026-02-10,email,Needs website audit,Free 5-min website health check,http://www.talentify.io,
Unknown Business,Carlisle Heating & Air Conditioning,(256) 234-0019,Local Business,No outreach yet,N/A,None,Needs website audit,Free one-page website setup,,
Unknown Business,World Brand Design Society,+11755155355,Local Business,email - None,2026-02-10,email,Needs website audit,Free 5-min website health check,http://www.worldbranddesign.com,
Unknown Business,ABC Air Conditioning and Heating Specialist Orlando,(407) 743-3822,Local Business,email - Quick your company question,2026-02-09,email,Needs website audit,Free one-page website setup,,e.hearsey@abcairandheat.com
Unknown Business,"A-Team's A/C & Heating, LLC",(281) 838-6167,Local Business,No outreach yet,N/A,None,Needs website audit,Free one-page website setup,,
Unknown Business,Brody Pennell Heating & Air Conditioning,(310) 810-2721,Local Business,email - This caught my eye about your company,2026-02-09,email,Needs website audit,Free one-page website setup,,customercare@brodypennell.com
Unknown Business,Atlantic Partners Corporation,+15619129363,Local Business,email - None,2026-02-10,email,Needs website audit,Free 5-min website health check,http://www.atlanticpartnerscorp.com,
Unknown Business,NextPath Career Partners,+11999999999,Local Business,email - None,2026-02-10,email,Needs website audit,Free 5-min website health check,http://www.nextpathcp.com,
Unknown Business,World Brand Design Society,+11755155355,Local Business,email - None,2026-02-10,email,Needs website audit,Free 5-min website health check,http://www.worldbranddesign.com,
Unknown Business,NextPath Career Partners,+11999999999,Local Business,email - None,2026-02-10,email,Needs website audit,Free 5-min website health check,http://www.nextpathcp.com,
Unknown Business,vortex test (spartan alpha),+15550109999,Local Business,"email - vortex, quick question about your industry",2026-02-09,email,Needs website audit,Free one-page website setup,,vortex-test@aiservico.com
Unknown Business,NextPath Career Partners,+11999999999,Local Business,email - None,2026-02-10,email,Needs website audit,Free 5-min website health check,http://www.nextpathcp.com,
Unknown Business,Bob's Heating & Air Conditioning,800-840-3346,Local Business,"email - Bob's, saw something about your industry",2026-02-10,email,Needs website audit,Free one-page website setup,,info@bobsheating.com
Unknown Business,LaTeam Partners,+13320946824,Local Business,email - None,2026-02-10,email,Needs website audit,Free 5-min website health check,http://www.lateampartners.com,
Unknown Business,Talentify.io,+11701429735,Local Business,email - None,2026-02-10,email,Needs website audit,Free 5-min website health check,http://www.talentify.io,
Unknown Business,Atlantic Partners Corporation,+15619129363,Local Business,email - None,2026-02-10,email,Needs website audit,Free 5-min website health check,http://www.atlanticpartnerscorp.com,
Unknown Business,Owner 10,+18635550010,Local Business,email - None,2026-02-09,email,Needs website audit,Free 5-min website health check,https://www.cooling10.com,contact@cooling10.com
Unknown Business,Owner 13,+18635550013,Local Business,email - None,2026-02-09,email,Needs website audit,Free 5-min website health check,https://www.cooling13.com,contact@cooling13.com
Unknown Business,Owner 18,+18635550018,Local Business,email - None,2026-02-09,email,Needs website audit,Free 5-min website health check,https://www.cooling18.com,contact@cooling18.com
Unknown Business,Owner 26,+18635550026,Local Business,email - None,2026-02-09,email,Needs website audit,Free 5-min website health check,https://www.cooling26.com,contact@cooling26.com
Unknown Business,Owner 17,+18635550017,Local Business,email - None,2026-02-09,email,Needs website audit,Free 5-min website health check,https://www.cooling17.com,contact@cooling17.com
Unknown Business,Owner 22,+18635550022,Local Business,email - None,2026-02-09,email,Needs website audit,Free 5-min website health check,https://www.cooling22.com,contact@cooling22.com
Unknown Business,Owner 19,+18635550019,Local Business,email - None,2026-02-09,email,Needs website audit,Free 5-min website health check,https://www.cooling19.com,contact@cooling19.com
Unknown Business,Owner 23,+18635550023,Local Business,email - None,2026-02-09,email,Needs website audit,Free 5-min website health check,https://www.cooling23.com,contact@cooling23.com
Unknown Business,Owner 21,+18635550021,Local Business,email - None,2026-02-09,email,Needs website audit,Free 5-min website health check,https://www.cooling21.com,contact@cooling21.com
Unknown Business,Owner 20,+18635550020,Local Business,email - None,2026-02-09,email,Needs website audit,Free 5-min website health check,https://www.cooling20.com,contact@cooling20.com
Unknown Business,Owner 24,+18635550024,Local Business,email - None,2026-02-09,email,Needs website audit,Free 5-min website health check,https://www.cooling24.com,contact@cooling24.com
Unknown Business,Owner 15,+18635550015,Local Business,email - None,2026-02-09,email,Needs website audit,Free 5-min website health check,https://www.cooling15.com,contact@cooling15.com
Unknown Business,Owner 28,+18635550028,Local Business,email - None,2026-02-09,email,Needs website audit,Free 5-min website health check,https://www.cooling28.com,contact@cooling28.com
Unknown Business,Atlantic Partners Corporation,+15619129363,Local Business,email - None,2026-02-10,email,Needs website audit,Free 5-min website health check,http://www.atlanticpartnerscorp.com,
Unknown Business,The Immigrant Academy,+14066143815,Local Business,email - None,2026-02-10,email,Needs website audit,Free 5-min website health check,http://www.theimmigrantacademy.com,
Unknown Business,Atlantic Partners Corporation,+15619129363,Local Business,email - None,2026-02-10,email,Needs website audit,Free 5-min website health check,http://www.atlanticpartnerscorp.com,
Unknown Business,One Team Heating & Cooling,(256) 660-0950,Local Business,email - Quick question about your company,2026-02-10,email,Needs website audit,Free one-page website setup,,oneteamhvac@gmail.com
Unknown Business,The Immigrant Academy,+14066143815,Local Business,email - None,2026-02-10,email,Needs website audit,Free 5-min website health check,http://www.theimmigrantacademy.com,
Unknown Business,Atlantic Partners Corporation,+15619129363,Local Business,email - None,2026-02-10,email,Needs website audit,Free 5-min website health check,http://www.atlanticpartnerscorp.com,
Unknown Business,TemperaturePro,512-222-5375,Local Business,email - This caught my eye about your company,2026-02-09,email,Needs website audit,Free one-page website setup,,northaustin@temperaturepro.com
Unknown Business,Polansky Heating and Air,254-863-8473,Local Business,No outreach yet,N/A,None,Needs website audit,Free one-page website setup,,
Unknown Business,Northside Air Conditioning,972-996-6511,Local Business,email - Noticed something on your site,2026-02-09,email,Needs website audit,Free one-page website setup,,info@northsideair.com
Unknown Business,BCS Air Solutions,979.693.2984,Local Business,email - This caught my eye about your company,2026-02-09,email,Needs website audit,Free one-page website setup,,admin@airsolutionsbcs.com
Unknown Business,Bowles Heating and Cooling,(325) 208-1892,Local Business,No outreach yet,N/A,None,Needs website audit,Free one-page website setup,,
Unknown Business,Fresh Air HVAC,205-552-8542,Local Business,email - This caught my eye about your company,2026-02-09,email,Needs website audit,Free one-page website setup,,info@freshairhvac.co
Unknown Business,"Sun Country Heating & Cooling, Inc.",(702) 617-8159,Local Business,email - Quick question about your company,2026-02-10,email,Needs website audit,Free one-page website setup,,rayburn_r@suncountryheatingandcooling.com
Unknown Business,Owner 27,+18635550027,Local Business,email - None,2026-02-09,email,Needs website audit,Free 5-min website health check,https://www.cooling27.com,contact@cooling27.com
Unknown Business,Heartland Heating & Cooling,217-670-2161,Local Business,"email - Heartland, saw something about your industry",2026-02-10,email,Needs website audit,Free one-page website setup,,heartlandheatingcooling@yahoo.com
Unknown Business,LaTeam Partners,+13320946824,Local Business,email - None,2026-02-10,email,Needs website audit,Free 5-min website health check,http://www.lateampartners.com,
Unknown Business,LaTeam Partners,+13320946824,Local Business,email - None,2026-02-10,email,Needs website audit,Free 5-min website health check,http://www.lateampartners.com,
Unknown Business,Owner 29,+18635550029,Local Business,email - None,2026-02-09,email,Needs website audit,Free 5-min website health check,https://www.cooling29.com,contact@cooling29.com
Unknown Business,Owner 30,+18635550030,Local Business,email - None,2026-02-09,email,Needs website audit,Free 5-min website health check,https://www.cooling30.com,contact@cooling30.com
Unknown Business,World Brand Design Society,+11755155355,Local Business,email - None,2026-02-10,email,Needs website audit,Free 5-min website health check,http://www.worldbranddesign.com,
Unknown Business,Leeds Professional Resources,+12502211154,Local Business,email - None,2026-02-10,email,Needs website audit,Free 5-min website health check,http://www.leedsresources.com,info@leedsresources.com
Unknown Business,Atlantic Partners Corporation,+15619129363,Local Business,email - None,2026-02-10,email,Needs website audit,Free 5-min website health check,http://www.atlanticpartnerscorp.com,
Unknown Business,NextPath Career Partners,+11999999999,Local Business,email - None,2026-02-10,email,Needs website audit,Free 5-min website health check,http://www.nextpathcp.com,
Unknown Business,NextPath Career Partners,+11999999999,Local Business,email - None,2026-02-10,email,Needs website audit,Free 5-min website health check,http://www.nextpathcp.com,
Unknown Business,NextPath Career Partners,+11999999999,Local Business,email - None,2026-02-10,email,Needs website audit,Free 5-min website health check,http://www.nextpathcp.com,
Unknown Business,Gilley's Heating and Air,334-347-9596,Local Business,No outreach yet,N/A,None,Needs website audit,Free one-page website setup,,
Unknown Business,Owner 2,+18635550002,Local Business,email - None,2026-02-09,email,Needs website audit,Free 5-min website health check,https://www.cooling2.com,contact@cooling2.com
Unknown Business,Owner 4,+18635550004,Local Business,email - None,2026-02-09,email,Needs website audit,Free 5-min website health check,https://www.cooling4.com,contact@cooling4.com
Unknown Business,Owner 14,+18635550014,Local Business,email - None,2026-02-09,email,Needs website audit,Free 5-min website health check,https://www.cooling14.com,contact@cooling14.com
Unknown Business,Talentify.io,+11701429735,Local Business,email - None,2026-02-10,email,Needs website audit,Free 5-min website health check,http://www.talentify.io,
Unknown Business,Leeds Professional Resources,+12502211154,Local Business,email - None,2026-02-10,email,Needs website audit,Free 5-min website health check,http://www.leedsresources.com,
Unknown Business,Del-Air Heating and Air Conditioning,(888) 831-2665,Local Business,email - Quick question about your company,2026-02-09,email,Needs website audit,Free one-page website setup,,service@delair.com
Unknown Business,Sunset Heating & Cooling,(503) 500-5866,Local Business,email - This caught my eye about your company,2026-02-09,email,Needs website audit,Free one-page website setup,,info@sunsethc.com
Unknown Business,SiiRA,+11078150855,Local Business,email - None,2026-02-10,email,Needs website audit,Free 5-min website health check,http://www.siira.world,
Unknown Business,SiiRA,+11078150855,Local Business,email - None,2026-02-10,email,Needs website audit,Free 5-min website health check,http://www.siira.world,
Unknown Business,Alamo Austin Air Conditioning & Heating,512-265-0465,Local Business,email - Noticed something on your site,2026-02-09,email,Needs website audit,Free one-page website setup,,service@alamoaustinair.com
Unknown Business,Talentify.io,+11701429735,Local Business,email - None,2026-02-10,email,Needs website audit,Free 5-min website health check,http://www.talentify.io,
Unknown Business,Champion Home Services,(210) 528-1604,Local Business,email - Quick question about your company,2026-02-09,email,Needs website audit,Free one-page website setup,,service@championac.com
Unknown Business,SiiRA,+11078150855,Local Business,email - None,2026-02-10,email,Needs website audit,Free 5-min website health check,http://www.siira.world,
Unknown Business,The Immigrant Academy,+14066143815,Local Business,email - None,2026-02-10,email,Needs website audit,Free 5-min website health check,http://www.theimmigrantacademy.com,
Unknown Business,"Nuair Airconditioning, Inc.",(863) 370-9668,Local Business,email - This caught my eye about your company,2026-02-09,email,Needs website audit,Free one-page website setup,,tworks113@gmail.com
Unknown Business,Leeds Professional Resources,+12502211154,Local Business,email - None,2026-02-10,email,Needs website audit,Free 5-min website health check,http://www.leedsresources.com,
Unknown Business,Comfort Air Tampa,(813) 413-1726,Local Business,"email - Comfort, quick question about your industry",2026-02-09,email,Needs website audit,Free one-page website setup,,info@comfortairfl.com
Unknown Business,"Radiant Plumbing, Air Conditioning, & Electrical",512-265-6994,Local Business,email - Noticed something on your site,2026-02-09,email,Needs website audit,Free one-page website setup,,hello-austin@radiantplumbing.com
Unknown Business,AAA Calvert Electrical,(562) 429-1546,Local Business,email - Quick your company question,2026-02-09,email,Needs website audit,Free one-page website setup,,info@aaacalvert.com
Unknown Business,Washington Energy Services,(800) 398-4663,Local Business,"email - Washington, saw something about your industry",2026-02-10,email,Needs website audit,Free one-page website setup,,info@washingtonenergy.com
Unknown Business,NextPath Career Partners,+11999999999,Local Business,email - None,2026-02-10,email,Needs website audit,Free 5-min website health check,http://www.nextpathcp.com,
Unknown Business,Leeds Professional Resources,+12502211154,Local Business,email - None,2026-02-10,email,Needs website audit,Free 5-min website health check,http://www.leedsresources.com,
Unknown Business,Vickrey Heat & Air,(918) 341-5104,Local Business,email - This caught my eye about your company,2026-02-09,email,Needs website audit,Free one-page website setup,,robyn@vickreyheatair.com
Unknown Business,Downtown Air and Heat,(407) 408-7105,Local Business,email - Noticed something on your site,2026-02-09,email,Needs website audit,Free one-page website setup,,info@downtown-air.com
Unknown Business,Rainaldi Home Services,(407) 413-9795,Local Business,email - Quick your company question,2026-02-09,email,Needs website audit,Free one-page website setup,,info@rainaldiplumbing.com
Unknown Business,Farnell Mechanical Inc.,334-524-2458,Local Business,email - Noticed something on your site,2026-02-09,email,Needs website audit,Free one-page website setup,,Info.AUB@CallFarnell.com
Unknown Business,Orlando HVAC Pros,+1 (407) 555-0198,Local Business,email - This caught my eye about your company,2026-02-09,email,Needs website audit,Free one-page website setup,,service@orlandohvacpros.com
Unknown Business,Super Heat & Air Tampa,(813) 328-2453,Local Business,email - This caught my eye about your company,2026-02-09,email,Needs website audit,Free one-page website setup,,info@superheatandair.com
Unknown Business,Christian Brothers Mechanical Services,1-800-605-2247,Local Business,email - Quick question about your company,2026-02-09,email,Needs website audit,Free one-page website setup,,Service@cbhvac.com
Unknown Business,"Protek Roofing, Heating, Air & Solar",(813) 344-5466,Local Business,email - This caught my eye about your company,2026-02-09,email,Needs website audit,Free one-page website setup,,Info@protekps.com
Unknown Business,Phoenix Climate Control,+1 (602) 555-0189,Local Business,email - Quick question about your company,2026-02-09,email,Needs website audit,Free one-page website setup,,service@phoenixclimate.com
Unknown Business,Ferran Services,407-422-3551,Local Business,email - Quick question about your company,2026-02-09,email,Needs website audit,Free one-page website setup,,maintenance@ferran-services.com
Unknown Business,"WestCoast Heating & Air, LLC",(253) 845-5174,Local Business,email - This caught my eye about your company,2026-02-09,email,Needs website audit,Free one-page website setup,,michaelndiane@msn.com
Unknown Business,Totally Cool Heating & Air,(512) 467-2689,Local Business,email - This caught my eye about your company,2026-02-09,email,Needs website audit,Free one-page website setup,,service@totallycoolac.com
Unknown Business,"G & W Heating, Air Conditioning, Refrigeration & Plumbing, Inc.",(205) 925-3950,Local Business,email - Noticed something on your site,2026-02-09,email,Needs website audit,Free one-page website setup,,bob@gwhac.com
Unknown Business,"Fancher Fabrications, Inc.",(334) 874-6969,Local Business,email - This caught my eye about your company,2026-02-09,email,Needs website audit,Free one-page website setup,,staff@hacr.alabama.gov
Unknown Business,San Antonio Air Services,+1 (210) 555-0167,Local Business,email - This caught my eye about your company,2026-02-09,email,Needs website audit,Free one-page website setup,,contact@sanantonioair.com
Unknown Business,Dr. Air & Heat Services,(972) 217-8955,Local Business,No outreach yet,N/A,None,Needs website audit,Free one-page website setup,,
Unknown Business,World Brand Design Society,+11755155355,Local Business,email - None,2026-02-10,email,Needs website audit,Free 5-min website health check,http://www.worldbranddesign.com,
Unknown Business,The Immigrant Academy,+14066143815,Local Business,email - None,2026-02-10,email,Needs website audit,Free 5-min website health check,http://www.theimmigrantacademy.com,
Unknown Business,LaTeam Partners,+13320946824,Local Business,email - None,2026-02-10,email,Needs website audit,Free 5-min website health check,http://www.lateampartners.com,
Unknown Business,Forest Air Conditioning & Heating,(727) 865-6004,Local Business,email - This caught my eye about your company,2026-02-09,email,Needs website audit,Free one-page website setup,,info@forestairac.com
Unknown Business,Lakeland Air Conditioning,863-859-4090,Local Business,No outreach yet,N/A,None,Needs website audit,Free one-page website setup,,
Unknown Business,Blue Star Air Conditioning,(321) 204-0794,Local Business,No outreach yet,N/A,None,Needs website audit,Free one-page website setup,,
Unknown Business,Ierna Air,(813) 578-7113,Local Business,email - This caught my eye about your company,2026-02-09,email,Needs website audit,Free one-page website setup,,
Unknown Business,Busby's Heating & Air Conditioning,(706) 664-0132,Local Business,No outreach yet,N/A,None,Needs website audit,Free one-page website setup,,
Unknown Business,Coolray Heating & Air Conditioning,(678) 273-3016,Local Business,No outreach yet,N/A,None,Needs website audit,Free one-page website setup,,
Unknown Business,Fort Worth Heat & Air,(817) 800-0340,Local Business,No outreach yet,N/A,None,Needs website audit,Free one-page website setup,,
Unknown Business,Spencer Air Conditioning & Heating,972-446-2665,Local Business,No outreach yet,N/A,None,Needs website audit,Free one-page website setup,,
Unknown Business,Four Seasons Heating and Air Conditioning,1-866-595-9686,Local Business,No outreach yet,N/A,None,Needs website audit,Free one-page website setup,,
Unknown Business,Norway Air Conditioning Inc.,(956) 726-4419,Local Business,email - Noticed something on your site,2026-02-09,email,Needs website audit,Free one-page website setup,,norwayacteam@gmail.com
Unknown Business,Air Patrol Air Conditioning,(214) 261-0034,Local Business,No outreach yet,N/A,None,Needs website audit,Free one-page website setup,,
Unknown Business,Cote's Mechanical,(940) 458-4980,Local Business,No outreach yet,N/A,None,Needs website audit,Free one-page website setup,,notfound@example.com
Unknown Business,Anytime Air Conditioning and Heating,(325) 232-8220,Local Business,email - This caught my eye about your company,2026-02-09,email,Needs website audit,Free one-page website setup,,anytimeairabilene@yahoo.com
Unknown Business,Spencer Heating & Air,334-887-9020,Local Business,email - This caught my eye about your company,2026-02-09,email,Needs website audit,Free one-page website setup,,service@spencerheatingandair.com
Unknown Business,World Brand Design Society,+11755155355,Local Business,email - None,2026-02-10,email,Needs website audit,Free 5-min website health check,http://www.worldbranddesign.com,
Unknown Business,LaTeam Partners,+13320946824,Local Business,email - None,2026-02-10,email,Needs website audit,Free 5-min website health check,http://www.lateampartners.com,
Unknown Business,World Brand Design Society,+11755155355,Local Business,email - None,2026-02-10,email,Needs website audit,Free 5-min website health check,http://www.worldbranddesign.com,
Unknown Business,SM Air,512-212-4777,Local Business,No outreach yet,N/A,None,Needs website audit,Free one-page website setup,,
Unknown Business,SiiRA,+11078150855,Local Business,email - None,2026-02-10,email,Needs website audit,Free 5-min website health check,http://www.siira.world,
Unknown Business,Talentify.io,+11701429735,Local Business,email - None,2026-02-10,email,Needs website audit,Free 5-min website health check,http://www.talentify.io,
Unknown Business,Sound Heating & Air Conditioning Inc.,(253) 875-3350,Local Business,email - Noticed something on your site,2026-02-09,email,Needs website audit,Free one-page website setup,,maintenance@soundheating.com
Unknown Business,Standard TV & Appliance,(503) 777-3377,Local Business,email - Quick question about your company,2026-02-09,email,Needs website audit,Free one-page website setup,,service_request@standardtvandappliance.com
Unknown Business,Temp Control,304-855-5200,Local Business,"email - Temp, saw something about your industry",2026-02-09,email,Needs website audit,Free one-page website setup,,tempcontrolinc@frontier.com
Unknown Business,The Coolest Service LLC,(512) 468-6140,Local Business,email - Noticed something on your site,2026-02-09,email,Needs website audit,Free one-page website setup,,admin@thecoolestservice.com
Unknown Business,Miami Comfort Systems,+1 (305) 555-0134,Local Business,email - Noticed something on your site,2026-02-09,email,Needs website audit,Free one-page website setup,,contact@miamicomfort.com
Unknown Business,ABC Home & Commercial Services,(512) 837-9500,Local Business,"email - ABC, saw something about your industry",2026-02-09,email,Needs website audit,Free one-page website setup,,austin@abcpest.com
Unknown Business,Intelligent Air,1-844-966-6888,Local Business,email - This caught my eye about your company,2026-02-09,email,Needs website audit,Free one-page website setup,,rgood@cabri-management.com
Unknown Business,"Kenny's Air Conditioning & Heating Services, Inc.",(813) 875-3669,Local Business,email - Quick question about your company,2026-02-09,email,Needs website audit,Free one-page website setup,,contactusackennysair@gmail.com
Unknown Business,Ahoy! Cooling & Heating,(813) 596-5766,Local Business,email - Quick question about your company,2026-02-09,email,Needs website audit,Free one-page website setup,,bookingteam@callahoy.com
Unknown Business,Herring Heating & Air Conditioning,205-631-6258,Local Business,"email - Herring, saw something about your industry",2026-02-09,email,Needs website audit,Free one-page website setup,,projects@mullinsheatingandair.com
Unknown Business,Facemyer Air Conditioning & Heating,(407) 322-7455,Local Business,No outreach yet,N/A,None,Needs website audit,Free one-page website setup,,
Unknown Business,Smith Heating & Air Conditioning,(334) 365-9226,Local Business,No outreach yet,N/A,None,Needs website audit,Free one-page website setup,,
Unknown Business,Precision Heating And Air,(435) 414-0510,Local Business,email - Quick question about your company,2026-02-09,email,Needs website audit,Free one-page website setup,,info@precisionheatingandair.com
Unknown Business,Talentify.io,+11701429735,Local Business,email - None,2026-02-10,email,Needs website audit,Free 5-min website health check,http://www.talentify.io,
Unknown Business,And Services Tampa,(813) 445-4818,Local Business,No outreach yet,N/A,None,Needs website audit,Free one-page website setup,,
Unknown Business,Evergreen State Heat & AC,(425) 252-3114,Local Business,"email - Evergreen, saw something about your industry",2026-02-09,email,Needs website audit,Free one-page website setup,,Admin@essmwa.com
Unknown Business,Cool Today,(800) 226-2636,Local Business,No outreach yet,N/A,None,Needs website audit,Free one-page website setup,,
Unknown Business,The A/C Guy of Tampa Bay,(727) 286-3170,Local Business,email - This caught my eye about your company,2026-02-09,email,Needs website audit,Free one-page website setup,,office@acguyoftampa.com
Unknown Business,Air Tech of Central Florida,(321) 422-2727,Local Business,email - This caught my eye about your company,2026-02-09,email,Needs website audit,Free one-page website setup,,information@airtechcfl.com
Unknown Business,American Air & Heat,(407) 603-4410,Local Business,No outreach yet,N/A,None,Needs website audit,Free one-page website setup,,
Unknown Business,Make It Wright HVAC,206-484-5699,Local Business,email - Noticed something on your site,2026-02-09,email,Needs website audit,Free one-page website setup,,matthew@make-it-wright.com
Unknown Business,4 Seasons Air Conditioning & Heating,(407) 295-9231,Local Business,"email - 4, saw something about your industry",2026-02-09,email,Needs website audit,Free one-page website setup,,info@4seasonsair.net
Unknown Business,Pro-Tech Air Conditioning & Plumbing Orlando,(407) 565-7844,Local Business,email - Quick question about your company,2026-02-09,email,Needs website audit,Free one-page website setup,,Service@ProTechAC.com
Unknown Business,Iceberg Cooling Orlando,(863) 223-1849,Local Business,No outreach yet,N/A,None,Needs website audit,Free one-page website setup,,
Unknown Business,Ierna's Heating & Cooling Tampa,(813) 578-7113,Local Business,email - This caught my eye about your company,2026-02-09,email,Needs website audit,Free one-page website setup,,info@iernaair.com
Unknown Business,Total Air Solutions Tampa,1-888-426-1770,Local Business,No outreach yet,N/A,None,Needs website audit,Free one-page website setup,,
Unknown Business,"Cardinal Heating, Air & Plumbing",(425) 406-3971,Local Business,email - Quick question about your company,2026-02-09,email,Needs website audit,Free one-page website setup,,repair@cardinalheating.com
Unknown Business,Day & Nite Plumbing & Heating Inc.,(425) 224-6452,Local Business,email - Noticed something on your site,2026-02-09,email,Needs website audit,Free one-page website setup,,Bruce@dayandnite.net
Unknown Business,"Gene's Refrigeration, Heating & Air Conditioning, Plumbing & Electrical",330-723-4104,Local Business,email - Quick question about your company,2026-02-09,email,Needs website audit,Free one-page website setup,,info@genesrefrigeration.com
Unknown Business,One Hour Air Conditioning & Heating of Orlando,(407) 532-2665,Local Business,No outreach yet,N/A,None,Needs website audit,Free one-page website setup,,
Unknown Business,"Seatown Electric, Plumbing, Heating & Air",(360) 549-8262,Local Business,email - Noticed something on your site,2026-02-09,email,Needs website audit,Free one-page website setup,,info@seatownservices.com
Unknown Business,"WS Electrical & Air Conditioning, Inc.",(256) 355-4792,Local Business,email - This caught my eye about your company,2026-02-09,email,Needs website audit,Free one-page website setup,,jblack@wshvac.com
Unknown Business,Nevada State Air Conditioning & Heating,(702) 539-2359,Local Business,"email - Nevada, saw something about your industry",2026-02-09,email,Needs website audit,Free one-page website setup,,info@nvstatehvac.com
Unknown Business,YES HEAT & AIR,(619) 857-6504,Local Business,email - Quick question about your company,2026-02-09,email,Needs website audit,Free one-page website setup,,tgerber@san.rr.com
Unknown Business,"B.C. BUILDING SERVICES, INC.",(303) 646-9498,Local Business,email - This caught my eye about your company,2026-02-09,email,Needs website audit,Free one-page website setup,,info@bcbuildingservicesinc.com
Unknown Business,Airco Mechanical,(512) 537-1234,Local Business,email - Quick question about your company,2026-02-09,email,Needs website audit,Free one-page website setup,,homeservice@aircoaustin.com
Unknown Business,Austin Air Conditioning,(737) 234-5384,Local Business,email - Quick question about your company,2026-02-09,email,Needs website audit,Free one-page website setup,,Info@austinairconditioning.com
Unknown Business,"Cool Atmosphere Heating & Air, LLC",(512) 260-2962,Local Business,email - Noticed something on your site,2026-02-09,email,Needs website audit,Free one-page website setup,,Christy@coolatmospherehvac.com
Unknown Business,Fox Service Company,(512) 488-1120,Local Business,email - This caught my eye about your company,2026-02-09,email,Needs website audit,Free one-page website setup,,info@foxservice.com
Unknown Business,"Hank's Heating & Cooling, LLC",(813) 538-6457,Local Business,"email - Hank's, saw something about your industry",2026-02-09,email,Needs website audit,Free one-page website setup,,info@hanksheatingcooling.com
Unknown Business,McCullough Heating & Air Conditioning,512-548-8655,Local Business,email - Quick question about your company,2026-02-09,email,Needs website audit,Free one-page website setup,,info@coolmenow.com
Unknown Business,Gary Munson Heating and Air Conditioning,(407) 859-1494,Local Business,email - This caught my eye about your company,2026-02-09,email,Needs website audit,Free one-page website setup,,info@garymunson.com
Unknown Business,The Immigrant Academy,+14066143815,Local Business,email - None,2026-02-10,email,Needs website audit,Free 5-min website health check,http://www.theimmigrantacademy.com,
Unknown Business,Air Masters of Tampa Bay,(813) 234-2419,Local Business,email - Noticed something on your site,2026-02-09,email,Needs website audit,Free one-page website setup,,info@airmasters.net
Unknown Business,SiiRA,+11078150855,Local Business,email - None,2026-02-10,email,Needs website audit,Free 5-min website health check,http://www.siira.world,
Unknown Business,Leeds Professional Resources,+12502211154,Local Business,email - None,2026-02-10,email,Needs website audit,Free 5-min website health check,http://www.leedsresources.com,
Unknown Business,The Immigrant Academy,+14066143815,Local Business,email - None,2026-02-10,email,Needs website audit,Free 5-min website health check,http://www.theimmigrantacademy.com,
Unknown Business,Tampa Bay Air Conditioning,(813) 797-5364,Local Business,No outreach yet,N/A,None,Needs website audit,Free one-page website setup,,
Unknown Business,Del-Air Tampa,(813) 845-0632,Local Business,"email - Del-Air, saw something about your industry",2026-02-09,email,Needs website audit,Free one-page website setup,,gbeurmann@delair.com
Unknown Business,Direct Home Solutions Orlando,(407) 547-2197,Local Business,"email - Direct, saw something about your industry",2026-02-09,email,Needs website audit,Free one-page website setup,,info@directhome.solutions
Unknown Business,Mechanical One Orlando,(407) 404-4000,Local Business,email - Quick question about your company,2026-02-10,email,Needs website audit,Free one-page website setup,,info@mechanicalone.com
Unknown Business,Mills Air,(407) 277-1159,Local Business,email - This caught my eye about your company,2026-02-10,email,Needs website audit,Free one-page website setup,,info@millsair.com
Unknown Business,Global Cooling,(352) 269-8191,Local Business,No outreach yet,N/A,None,Needs website audit,Free one-page website setup,,
Unknown Business,Scott's Heating & Air Conditioning,(407) 513-4406,Local Business,"email - Scott's, saw something about your industry",2026-02-10,email,Needs website audit,Free one-page website setup,,info@scottsair.com
Unknown Business,Gulf Coast Air Systems,(813) 689-2082,Local Business,"email - Gulf, saw something about your industry",2026-02-10,email,Needs website audit,Free one-page website setup,,info@gulfcoastairsystems.com
Unknown Business,Caldeco Air Conditioning & Heating,(813) 254-2211,Local Business,No outreach yet,N/A,None,Needs website audit,Free one-page website setup,,
Unknown Business,Home Comfort Alliance,(425) 645-0404,Local Business,email - This caught my eye about your company,2026-02-10,email,Needs website audit,Free one-page website setup,,salescoordinators@homecomfortalliance.com
Unknown Business,Air Rescue Heating & Cooling Tampa,(813) 358-3431,Local Business,email - This caught my eye about your company,2026-02-10,email,Needs website audit,Free one-page website setup,,info@airrescueflorida.com
Unknown Business,Jaime's Air Conditioning & Heating Tampa,(813) 601-0764,Local Business,email - Quick question about your company,2026-02-10,email,Needs website audit,Free one-page website setup,,coolspecialist33@gmail.com
Unknown Business,Sun Air Services,(813) 684-9919,Local Business,No outreach yet,N/A,None,Needs website audit,Free one-page website setup,,
Unknown Business,Strand Brothers Service Experts,512-598-6625,Local Business,email - Quick question about your company,2026-02-10,email,Needs website audit,Free one-page website setup,,strandbrothers@serviceexperts.com
Unknown Business,Residential Air LLC,(256) 426-6882,Local Business,email - Quick question about your company,2026-02-10,email,Needs website audit,Free one-page website setup,,perfectclimate75@gmail.com
Unknown Business,Modern Heating & Cooling,(256) 546-0310,Local Business,"email - Modern, saw something about your industry",2026-02-10,email,Needs website audit,Free one-page website setup,,info@modernheatandcool.com
Unknown Business,"Sensigreen Heating, Cooling & Insulation",(334) 487-3555,Local Business,No outreach yet,N/A,None,Needs website audit,Free one-page website setup,,
Unknown Business,Southern Heating & Cooling LLC,205-339-6867,Local Business,email - This caught my eye about your company,2026-02-10,email,Needs website audit,Free one-page website setup,,sherry@southernheatingllc.com
Unknown Business,Farnell Heating & Air Conditioning Inc.,251-471-2674,Local Business,email - Quick question about your company,2026-02-10,email,Needs website audit,Free one-page website setup,,mitzi.bumpers@farnellac.com
Unknown Business,"Baldwin Heating, Cooling, Plumbing and Electrical",(251) 286-5378,Local Business,email - This caught my eye about your company,2026-02-10,email,Needs website audit,Free one-page website setup,,service@baldwinhvac.com
Unknown Business,OneWay Heating & Air Conditioning,(432) 535-3821,Local Business,email - This caught my eye about your company,2026-02-10,email,Needs website audit,Free one-page website setup,,info@onewayhvactexas.com
Unknown Business,"Pell City Heating & Cooling, Inc.",(205) 338-2820,Local Business,"email - Pell, saw something about your industry",2026-02-10,email,Needs website audit,Free one-page website setup,,pchcsusan@hotmail.com
Unknown Business,Honest Abe Comfort Solutions,(682) 560-0315,Local Business,email - Noticed something on your site,2026-02-10,email,Needs website audit,Free one-page website setup,,info@honestabeservices.com
Unknown Business,Premier Service Company,(659) 200-9744,Local Business,email - Noticed something on your site,2026-02-10,email,Needs website audit,Free one-page website setup,,callcenter@pcs1201.com
Unknown Business,Hagler Heating & Cooling,334-835-8027,Local Business,email - Noticed something on your site,2026-02-10,email,Needs website audit,Free one-page website setup,,office@haglerac.com
Unknown Business,Price Heating & Air Conditioning,(256) 587-8815,Local Business,No outreach yet,N/A,None,Needs website audit,Free one-page website setup,,
Unknown Business,Reliable Heating & Air,770-594-9969,Local Business,No outreach yet,N/A,None,Needs website audit,Free one-page website setup,,
Unknown Business,Perfect Service Heating & Air,205-206-6091,Local Business,email - Quick question about your company,2026-02-10,email,Needs website audit,Free one-page website setup,,landona@perfectservicehvac.com
Unknown Business,Fairway Heating & Cooling LLC,(813) 592-5456,Local Business,email - Quick question about your company,2026-02-10,email,Needs website audit,Free one-page website setup,,office@fairwayhnc.com
Unknown Business,Sweat Cool Air Conditioning and Heating,(251) 210-8792,Local Business,email - This caught my eye about your company,2026-02-10,email,Needs website audit,Free one-page website setup,,Ward@sweatcool.com
Unknown Business,SiiRA,+11078150855,Local Business,email - None,2026-02-10,email,Needs website audit,Free 5-min website health check,http://www.siira.world,
Unknown Business,"Lakeside Heating, Cooling and Plumbing",(813) 444-9474,Local Business,No outreach yet,N/A,None,Needs website audit,Free one-page website setup,,
Unknown Business,Central Air Conditioning Service,(256) 259-1896,Local Business,No outreach yet,N/A,None,Needs website audit,Free one-page website setup,,
Unknown Business,Del-Air,407-499-0774,Local Business,No outreach yet,N/A,None,Needs website audit,Free one-page website setup,,
Unknown Business,McDevitt Air,(877) 692-9402,Local Business,No outreach yet,N/A,None,Needs website audit,Free one-page website setup,,
Unknown Business,Quality Air Conditioning Company,(954) 504-6314,Local Business,No outreach yet,N/A,None,Needs website audit,Free one-page website setup,,
Unknown Business,All Seasons Heating & Cooling,(256) 406-8068,Local Business,"email - All, saw something about your industry",2026-02-10,email,Needs website audit,Free one-page website setup,,sjn9598@gmail.com
Unknown Business,Hiller,(256) 251-6045,Local Business,No outreach yet,N/A,None,Needs website audit,Free one-page website setup,,
Unknown Business,Riley Heating and Air Conditioning,334-214-3418,Local Business,No outreach yet,N/A,None,Needs website audit,Free one-page website setup,,
Unknown Business,Gilley's Heating & Air,334-347-9596,Local Business,No outreach yet,N/A,None,Needs website audit,Free one-page website setup,,
Unknown Business,David Boston Heating & Cooling,(256) 729-5665,Local Business,email - Quick question about your company,2026-02-10,email,Needs website audit,Free one-page website setup,,davidboston388@hotmail.com
Unknown Business,AIM Service Group LLC,(813) 833-2118,Local Business,No outreach yet,N/A,None,Needs website audit,Free one-page website setup,,
Unknown Business,"Tom's Mechanical, Inc.",817-277-4493,Local Business,No outreach yet,N/A,None,Needs website audit,Free one-page website setup,,
Unknown Business,Goettl Air Conditioning and Plumbing,(210) 460-3966,Local Business,No outreach yet,N/A,None,Needs website audit,Free one-page website setup,,
Unknown Business,Scott Electric,361-884-6326,Local Business,email - Noticed something on your site,2026-02-10,email,Needs website audit,Free one-page website setup,,sarah@scott-electric.com
Unknown Business,Honest Home Services,(972) 537-5599,Local Business,No outreach yet,N/A,None,Needs website audit,Free one-page website setup,,
Unknown Business,"Baker Brothers Plumbing, Air & Electric",214-892-2225,Local Business,No outreach yet,N/A,None,Needs website audit,Free one-page website setup,,
Unknown Business,Burnside Air Conditioning & Heating,(972) 562-7789,Local Business,No outreach yet,N/A,None,Needs website audit,Free one-page website setup,,
Unknown Business,Prime HVAC,(334) 803-2522,Local Business,No outreach yet,N/A,None,Needs website audit,Free one-page website setup,,
Unknown Business,Efficient Systems,(409) 206-5752,Local Business,No outreach yet,N/A,None,Needs website audit,Free one-page website setup,,
Unknown Business,Kool Katz Air Conditioning & Heating,432-337-7223,Local Business,email - This caught my eye about your company,2026-02-10,email,Needs website audit,Free one-page website setup,,koolkatzac2020@gmail.com
Unknown Business,Rescue Air,(972) 201-3253,Local Business,No outreach yet,N/A,None,Needs website audit,Free one-page website setup,,
Unknown Business,Lex Air East Texas,(903) 650-9636,Local Business,No outreach yet,N/A,None,Needs website audit,Free one-page website setup,,
Unknown Business,Air Specialist,(713) 481-1305,Local Business,No outreach yet,N/A,None,Needs website audit,Free one-page website setup,,
Unknown Business,Mosqueda Cooling & Heating,979-246-4182,Local Business,No outreach yet,N/A,None,Needs website audit,Free one-page website setup,,
Unknown Business,Advanced Air Conditioning and Heating,(512) 846-3380,Local Business,No outreach yet,N/A,None,Needs website audit,Free one-page website setup,,
Unknown Business,Vaughn's Air Conditioning,(409) 296-9670,Local Business,No outreach yet,N/A,None,Needs website audit,Free one-page website setup,,
Unknown Business,DTC Air Conditioning & Heating,512-887-5091,Local Business,No outreach yet,N/A,None,Needs website audit,Free one-page website setup,,
Unknown Business,One Hour Air Conditioning & Heating of Birmingham,(205) 690-4145,Local Business,No outreach yet,N/A,None,Needs website audit,Free one-page website setup,,
Unknown Business,Alabama Cooling and Heating,(205) 447-4328,Local Business,No outreach yet,N/A,None,Needs website audit,Free one-page website setup,,
Unknown Business,Don Carter Heating & Cooling,(256) 474-0027,Local Business,No outreach yet,N/A,None,Needs website audit,Free one-page website setup,,
Unknown Business,"Bain Heating & Air Conditioning, Inc.",(256) 363-2232,Local Business,No outreach yet,N/A,None,Needs website audit,Free one-page website setup,,
Unknown Business,Bama Air Systems,256-734-4181,Local Business,No outreach yet,N/A,None,Needs website audit,Free one-page website setup,,
Unknown Business,"Bryant's Heating & Cooling, Inc.",(256) 840-7142,Local Business,email - This caught my eye about your company,2026-02-10,email,Needs website audit,Free one-page website setup,,info@bryantsheating.com
Unknown Business,Tri-Counties Heating and Air,205-699-6088,Local Business,No outreach yet,N/A,None,Needs website audit,Free one-page website setup,,
Unknown Business,Leeds Professional Resources,+12502211154,Local Business,email - None,2026-02-10,email,Needs website audit,Free 5-min website health check,http://www.leedsresources.com,
Unknown Business,Atlantic Partners Corporation,+15619129363,Local Business,email - None,2026-02-10,email,Needs website audit,Free 5-min website health check,http://www.atlanticpartnerscorp.com,
Unknown Business,LaTeam Partners,+13320946824,Local Business,email - None,2026-02-10,email,Needs website audit,Free 5-min website health check,http://www.lateampartners.com,
Unknown Business,Talentify.io,+11701429735,Local Business,email - None,2026-02-10,email,Needs website audit,Free 5-min website health check,http://www.talentify.io,
Unknown Business,SiiRA,+11078150855,Local Business,email - None,2026-02-10,email,Needs website audit,Free 5-min website health check,http://www.siira.world,
Unknown Business,LaTeam Partners,+13320946824,Local Business,email - None,2026-02-10,email,Needs website audit,Free 5-min website health check,http://www.lateampartners.com,
Unknown Business,World Brand Design Society,+11755155355,Local Business,email - None,2026-02-10,email,Needs website audit,Free 5-min website health check,http://www.worldbranddesign.com,
Unknown Business,Talentify.io,+11701429735,Local Business,email - None,2026-02-10,email,Needs website audit,Free 5-min website health check,http://www.talentify.io,
Unknown Business,LaTeam Partners,+13320946824,Local Business,email - None,2026-02-10,email,Needs website audit,Free 5-min website health check,http://www.lateampartners.com,
Unknown Business,SiiRA,+11078150855,Local Business,email - None,2026-02-10,email,Needs website audit,Free 5-min website health check,http://www.siira.world,
Unknown Business,SiiRA,+11078150855,Local Business,email - None,2026-02-10,email,Needs website audit,Free 5-min website health check,http://www.siira.world,
Unknown Business,World Brand Design Society,+11755155355,Local Business,email - None,2026-02-10,email,Needs website audit,Free 5-min website health check,http://www.worldbranddesign.com,
Unknown Business,Talentify.io,+11701429735,Local Business,email - None,2026-02-10,email,Needs website audit,Free 5-min website health check,http://www.talentify.io,
Unknown Business,Atlantic Partners Corporation,+15619129363,Local Business,email - None,2026-02-10,email,Needs website audit,Free 5-min website health check,http://www.atlanticpartnerscorp.com,
Unknown Business,World Brand Design Society,+11755155355,Local Business,email - None,2026-02-10,email,Needs website audit,Free 5-min website health check,http://www.worldbranddesign.com,
Unknown Business,J Tullos Services,(832) 542-3268,Local Business,No outreach yet,N/A,None,Needs website audit,Free one-page website setup,,
Unknown Business,"Roberts Cooling, Heating, Plumbing & Electrical",251-288-5125,Local Business,No outreach yet,N/A,None,Needs website audit,Free one-page website setup,,
Unknown Business,Head's Heating & Air Conditioning,(251) 206-5996,Local Business,email - This caught my eye about your company,2026-02-10,email,Needs website audit,Free one-page website setup,,office@headshvac.com
Unknown Business,Ideal Air Services,(832) 662-4589,Local Business,email - Noticed something on your site,2026-02-10,email,Needs website audit,Free one-page website setup,,info@idealairservices.com
Unknown Business,Coolray,(770) 421-8400,Local Business,No outreach yet,N/A,None,Needs website audit,Free one-page website setup,,
Unknown Business,Bold City Heating & Air,(904) 379-1648,Local Business,No outreach yet,N/A,None,Needs website audit,Free one-page website setup,,
Unknown Business,Colair Cooling & Heating,(956) 230-7464,Local Business,"email - Colair, saw something about your industry",2026-02-10,email,Needs website audit,Free one-page website setup,,sales@colairinc.com
Unknown Business,George Cunningham Air Conditioning & Heating Services,(956) 423-8437,Local Business,email - Quick question about your company,2026-02-10,email,Needs website audit,Free one-page website setup,,jms@gcincac.com
Unknown Business,Greenwood Heating and Home Services,206-207-4734,Local Business,email - This caught my eye about your company,2026-02-10,email,Needs website audit,Free one-page website setup,,info@greenwoodheating.com
Unknown Business,A1 HVAC LLC,(931) 675-8782,Local Business,email - This caught my eye about your company,2026-02-10,email,Needs website audit,Free one-page website setup,,A1hvac334@gmail.com
Unknown Business,Jacksonville Cooling Co,+1 (904) 555-0141,Local Business,email - This caught my eye about your company,2026-02-10,email,Needs website audit,Free one-page website setup,,service@jaxcooling.com
Unknown Business,Atlanta Air Experts,+1 (404) 555-0156,Local Business,email - Noticed something on your site,2026-02-10,email,Needs website audit,Free one-page website setup,,info@atlantaairexperts.com
Unknown Business,Charlotte Climate Care,+1 (704) 555-0173,Local Business,email - This caught my eye about your company,2026-02-10,email,Needs website audit,Free one-page website setup,,quotes@charlotteclimate.com
Unknown Business,Houston HVAC Masters,+1 (713) 555-0188,Local Business,email - Noticed something on your site,2026-02-10,email,Needs website audit,Free one-page website setup,,info@houstonhvacmasters.com
Unknown Business,Comfort Air Solutions,+1 (813) 555-0147,Local Business,email - Quick question about your company,2026-02-10,email,Needs website audit,Free one-page website setup,,info@comfortairsolutions.com
Unknown Business,Talentify.io,+11701429735,Local Business,email - None,2026-02-10,email,Needs website audit,Free 5-min website health check,http://www.talentify.io,
Unknown Business,NextPath Career Partners,+11999999999,Local Business,email - None,2026-02-10,email,Needs website audit,Free 5-min website health check,http://www.nextpathcp.com,
Unknown Business,NextPath Career Partners,+11999999999,Local Business,email - None,2026-02-10,email,Needs website audit,Free 5-min website health check,http://www.nextpathcp.com,
Unknown Business,Talentify.io,+11701429735,Local Business,email - None,2026-02-10,email,Needs website audit,Free 5-min website health check,http://www.talentify.io,
Unknown Business,LaTeam Partners,+13320946824,Local Business,email - None,2026-02-10,email,Needs website audit,Free 5-min website health check,http://www.lateampartners.com,
Unknown Business,LaTeam Partners,+13320946824,Local Business,email - None,2026-02-10,email,Needs website audit,Free 5-min website health check,http://www.lateampartners.com,
Unknown Business,Atlantic Partners Corporation,+15619129363,Local Business,email - None,2026-02-10,email,Needs website audit,Free 5-min website health check,http://www.atlanticpartnerscorp.com,
Unknown Business,SiiRA,+11078150855,Local Business,email - None,2026-02-10,email,Needs website audit,Free 5-min website health check,http://www.siira.world,
Unknown Business,NextPath Career Partners,+11999999999,Local Business,email - None,2026-02-10,email,Needs website audit,Free 5-min website health check,http://www.nextpathcp.com,
Unknown Business,Talentify.io,+11701429735,Local Business,email - None,2026-02-10,email,Needs website audit,Free 5-min website health check,http://www.talentify.io,
Unknown Business,Atlantic Partners Corporation,+15619129363,Local Business,email - None,2026-02-10,email,Needs website audit,Free 5-min website health check,http://www.atlanticpartnerscorp.com,
Unknown Business,Talentify.io,+11701429735,Local Business,email - None,2026-02-10,email,Needs website audit,Free 5-min website health check,http://www.talentify.io,
Unknown Business,NextPath Career Partners,+11999999999,Local Business,email - None,2026-02-10,email,Needs website audit,Free 5-min website health check,http://www.nextpathcp.com,
Unknown Business,World Brand Design Society,+11755155355,Local Business,email - None,2026-02-10,email,Needs website audit,Free 5-min website health check,http://www.worldbranddesign.com,
Unknown Business,The Immigrant Academy,+14066143815,Local Business,email - None,2026-02-10,email,Needs website audit,Free 5-min website health check,http://www.theimmigrantacademy.com,
Unknown Business,LaTeam Partners,+13320946824,Local Business,email - None,2026-02-10,email,Needs website audit,Free 5-min website health check,http://www.lateampartners.com,
Unknown Business,SiiRA,+11078150855,Local Business,email - None,2026-02-10,email,Needs website audit,Free 5-min website health check,http://www.siira.world,
Unknown Business,Talentify.io,+11701429735,Local Business,email - None,2026-02-10,email,Needs website audit,Free 5-min website health check,http://www.talentify.io,
Unknown Business,Atlantic Partners Corporation,+15619129363,Local Business,email - None,2026-02-10,email,Needs website audit,Free 5-min website health check,http://www.atlanticpartnerscorp.com,
Unknown Business,LaTeam Partners,+13320946824,Local Business,email - None,2026-02-10,email,Needs website audit,Free 5-min website health check,http://www.lateampartners.com,
Unknown Business,Talentify.io,+11701429735,Local Business,email - None,2026-02-10,email,Needs website audit,Free 5-min website health check,http://www.talentify.io,
Unknown Business,Atlantic Partners Corporation,+15619129363,Local Business,email - None,2026-02-10,email,Needs website audit,Free 5-min website health check,http://www.atlanticpartnerscorp.com,
Unknown Business,The Immigrant Academy,+14066143815,Local Business,email - None,2026-02-10,email,Needs website audit,Free 5-min website health check,http://www.theimmigrantacademy.com,
Unknown Business,Atlantic Partners Corporation,+15619129363,Local Business,email - None,2026-02-10,email,Needs website audit,Free 5-min website health check,http://www.atlanticpartnerscorp.com,
Unknown Business,Atlantic Partners Corporation,+15619129363,Local Business,email - None,2026-02-10,email,Needs website audit,Free 5-min website health check,http://www.atlanticpartnerscorp.com,
Unknown Business,LaTeam Partners,+13320946824,Local Business,email - None,2026-02-10,email,Needs website audit,Free 5-min website health check,http://www.lateampartners.com,
Unknown Business,The Immigrant Academy,+14066143815,Local Business,email - None,2026-02-10,email,Needs website audit,Free 5-min website health check,http://www.theimmigrantacademy.com,
Unknown Business,Action Air Conditioning Tampa,(813) 935-6644,Local Business,email - Quick question about your company,2026-02-10,email,Needs website audit,Free one-page website setup,,info@actionairconditioning.com
Unknown Business,LaTeam Partners,+13320946824,Local Business,email - None,2026-02-10,email,Needs website audit,Free 5-min website health check,http://www.lateampartners.com,
Unknown Business,SiiRA,+11078150855,Local Business,email - None,2026-02-10,email,Needs website audit,Free 5-min website health check,http://www.siira.world,
Unknown Business,SiiRA,+11078150855,Local Business,email - None,2026-02-10,email,Needs website audit,Free 5-min website health check,http://www.siira.world,
Unknown Business,LaTeam Partners,+13320946824,Local Business,email - None,2026-02-10,email,Needs website audit,Free 5-min website health check,http://www.lateampartners.com,
Unknown Business,SiiRA,+11078150855,Local Business,email - None,2026-02-10,email,Needs website audit,Free 5-min website health check,http://www.siira.world,
Unknown Business,SiiRA,+11078150855,Local Business,email - None,2026-02-10,email,Needs website audit,Free 5-min website health check,http://www.siira.world,
Unknown Business,SiiRA,+11078150855,Local Business,email - None,2026-02-10,email,Needs website audit,Free 5-min website health check,http://www.siira.world,
Unknown Business,Atlantic Partners Corporation,+15619129363,Local Business,email - None,2026-02-10,email,Needs website audit,Free 5-min website health check,http://www.atlanticpartnerscorp.com,
Unknown Business,World Brand Design Society,+11755155355,Local Business,email - None,2026-02-10,email,Needs website audit,Free 5-min website health check,http://www.worldbranddesign.com,
Unknown Business,Talentify.io,+11701429735,Local Business,email - None,2026-02-10,email,Needs website audit,Free 5-min website health check,http://www.talentify.io,
Unknown Business,LaTeam Partners,+13320946824,Local Business,email - None,2026-02-10,email,Needs website audit,Free 5-min website health check,http://www.lateampartners.com,
Unknown Business,We Do HVAC,+1-858-432-9992,Local Business,email - This caught my eye about your company,2026-02-10,email,Needs website audit,Free one-page website setup,,info@wedohvacus.com
Unknown Business,Extreme AC And Heating,(760) 615-3169,Local Business,email - This caught my eye about your company,2026-02-10,email,Needs website audit,Free one-page website setup,,extremeacandheating@gmail.com
Unknown Business,Local Roots AC and Plumbing LLC,602-560-8989,Local Business,email - Quick question about your company,2026-02-10,email,Needs website audit,Free one-page website setup,,service@calllocalroots.com
Unknown Business,"Silver State Refrigeration, HVAC & Plumbing",(702) 623-6936,Local Business,email - This caught my eye about your company,2026-02-10,email,Needs website audit,Free one-page website setup,,help@ssrfg.com
Unknown Business,Stanley HVAC,(480) 399-3706,Local Business,email - This caught my eye about your company,2026-02-10,email,Needs website audit,Free one-page website setup,,stanleyhvac.co@gmail.com
Unknown Business,Bob Heinmiller AC Orlando,(407) 374-0779,Local Business,email - Quick question about your company,2026-02-10,email,Needs website audit,Free one-page website setup,,service@bobheinmiller.com
Unknown Business,ACR Air Conditioning & Refrigeration,(407) 449-8679,Local Business,email - This caught my eye about your company,2026-02-10,email,Needs website audit,Free one-page website setup,,info@callacr.com
Unknown Business,"Acree Plumbing, Air & Electric",(813) 703-1273,Local Business,No outreach yet,N/A,None,Needs website audit,Free one-page website setup,,
Unknown Business,Bleuwave Commercial HVAC,(480) 863-5855,Local Business,email - Noticed something on your site,2026-02-10,email,Needs website audit,Free one-page website setup,,info@bleuwavecommercialhvac.com
Unknown Business,TOBIN HVAC,303-893-5675,Local Business,"email - TOBIN, saw something about your industry",2026-02-10,email,Needs website audit,Free one-page website setup,,info@tobinhvac.com
Unknown Business,Jacobs Heating & Air Conditioning,503.234.7331,Local Business,"email - Jacobs, saw something about your industry",2026-02-10,email,Needs website audit,Free one-page website setup,,info@jacobsheating.com
Unknown Business,"Abacus Plumbing, Air Conditioning & Electrical",(512) 943-7070,Local Business,email - This caught my eye about your company,2026-02-10,email,Needs website audit,Free one-page website setup,,customerservice@abacusplumbing.net
Unknown Business,"Efficient AC, Electric & Plumbing",512-501-2275,Local Business,email - Quick question about your company,2026-02-10,email,Needs website audit,Free one-page website setup,,hello@efficienttexas.com
Unknown Business,Belle Air HVAC Orlando,(407) 410-7296,Local Business,"email - Belle, saw something about your industry",2026-02-10,email,Needs website audit,Free one-page website setup,,belleairoffice@belleairac.com
Unknown Business,Redeemed Air and HVAC,813-997-3140,Local Business,email - Quick question about your company,2026-02-10,email,Needs website audit,Free one-page website setup,,RedeemedAirAndHVAC@Gmail.com
Unknown Business,Easy AC,(813) 265-3247,Local Business,email - Quick question about your company,2026-02-10,email,Needs website audit,Free one-page website setup,,info@easyac.net
Unknown Business,Acme USA,305-836-4800,Local Business,email - Noticed something on your site,2026-02-10,email,Needs website audit,Free one-page website setup,,info@acmeusa.net
Unknown Business,Mid South HVAC,(256) 453-8293,Local Business,No outreach yet,N/A,None,Needs website audit,Free one-page website setup,,
Unknown Business,A/C Contractors,(903) 496-5947,Local Business,No outreach yet,N/A,None,Needs website audit,Free one-page website setup,,
Unknown Business,American AC & Heating,956-300-4366,Local Business,No outreach yet,N/A,None,Needs website audit,Free one-page website setup,,
Unknown Business,Lynx HVAC Repair,254-500-3188,Local Business,email - This caught my eye about your company,2026-02-10,email,Needs website audit,Free one-page website setup,,lynxhvactx@gmail.com
Unknown Business,"Bacon Plumbing, Heating, Air & Electric",(972) 349-0220,Local Business,email - Noticed something on your site,2026-02-10,email,Needs website audit,Free one-page website setup,,info@baconplumbing.com
Unknown Business,YPS Facility Services LP,(512) 303-3705,Local Business,"email - YPS, saw something about your industry",2026-02-10,email,Needs website audit,Free one-page website setup,,joe@yps.com
Unknown Business,"Dr. Air & Heat Services, LLC",214-749-8048,Local Business,email - This caught my eye about your company,2026-02-10,email,Needs website audit,Free one-page website setup,,dreyna1973@gmail.com
Unknown Business,World Brand Design Society,+11755155355,Local Business,email - None,2026-02-10,email,Needs website audit,Free 5-min website health check,http://www.worldbranddesign.com,
Unknown Business,The Immigrant Academy,+14066143815,Local Business,email - None,2026-02-10,email,Needs website audit,Free 5-min website health check,http://www.theimmigrantacademy.com,
Unknown Business,The Immigrant Academy,+14066143815,Local Business,email - None,2026-02-10,email,Needs website audit,Free 5-min website health check,http://www.theimmigrantacademy.com,
Unknown Business,The Immigrant Academy,+14066143815,Local Business,email - None,2026-02-10,email,Needs website audit,Free 5-min website health check,http://www.theimmigrantacademy.com,
Unknown Business,SiiRA,+11078150855,Local Business,email - None,2026-02-10,email,Needs website audit,Free 5-min website health check,http://www.siira.world,
Unknown Business,Leeds Professional Resources,+12502211154,Local Business,email - None,2026-02-10,email,Needs website audit,Free 5-min website health check,http://www.leedsresources.com,
Unknown Business,World Brand Design Society,+11755155355,Local Business,email - None,2026-02-10,email,Needs website audit,Free 5-min website health check,http://www.worldbranddesign.com,
Unknown Business,NextPath Career Partners,+11999999999,Local Business,email - None,2026-02-10,email,Needs website audit,Free 5-min website health check,http://www.nextpathcp.com,
Unknown Business,LaTeam Partners,+13320946824,Local Business,email - None,2026-02-10,email,Needs website audit,Free 5-min website health check,http://www.lateampartners.com,
Unknown Business,Leeds Professional Resources,+12502211154,Local Business,email - None,2026-02-10,email,Needs website audit,Free 5-min website health check,http://www.leedsresources.com,
Unknown Business,The Immigrant Academy,+14066143815,Local Business,email - None,2026-02-10,email,Needs website audit,Free 5-min website health check,http://www.theimmigrantacademy.com,
Unknown Business,World Brand Design Society,+11755155355,Local Business,email - None,2026-02-10,email,Needs website audit,Free 5-min website health check,http://www.worldbranddesign.com,
Unknown Business,Bob Jenson Air Conditioning and Heating,(619) 440-5634,Local Business,email - Quick question about your company,2026-02-10,email,Needs website audit,Free one-page website setup,,info@bobjenson.com
Unknown Business,World Brand Design Society,+11755155355,Local Business,email - None,2026-02-10,email,Needs website audit,Free 5-min website health check,http://www.worldbranddesign.com,
Unknown Business,Jaguar Heating & Air,(916) 256-4447,Local Business,email - This caught my eye about your company,2026-02-10,email,Needs website audit,Free one-page website setup,,m.abdul@jaguarheatingandair.com
Unknown Business,Donald P. Dick Air Conditioning,(559) 255-1644,Local Business,email - Quick question about your company,2026-02-10,email,Needs website audit,Free one-page website setup,,service@mrcool4ac.com
Unknown Business,All Climate Air Inc.,(661) 321-0620,Local Business,No outreach yet,N/A,None,Needs website audit,Free one-page website setup,,
Unknown Business,20th Century Air Inc.,(714) 430-8006,Local Business,No outreach yet,N/A,None,Needs website audit,Free one-page website setup,,
Unknown Business,Holliday Heating + Cooling + Electric,(509) 838-5717,Local Business,email - Noticed something on your site,2026-02-10,email,Needs website audit,Free one-page website setup,,info@hollidayheating.com
Unknown Business,"Inland Mechanical Services, Inc.",951-412-3046,Local Business,email - Quick question about your company,2026-02-10,email,Needs website audit,Free one-page website setup,,ltrujillo@inlandmechanicalservices.com
Unknown Business,Brennan Heating & Air Conditioning,(206) 222-7674,Local Business,No outreach yet,N/A,None,Needs website audit,Free one-page website setup,,
Unknown Business,Salem Heating & Sheet Metal,(503) 581-1536,Local Business,"email - Salem, saw something about your industry",2026-02-10,email,Needs website audit,Free one-page website setup,,bgladow@salemheatingandsheetmetal.com
Unknown Business,Gresham Heating and Air Conditioning,(503) 667-7594,Local Business,No outreach yet,N/A,None,Needs website audit,Free one-page website setup,,
Unknown Business,Pro Heating and Cooling,(971) 439-2121,Local Business,No outreach yet,N/A,None,Needs website audit,Free one-page website setup,,
Unknown Business,Comfort 360,(562) 429-1546,Local Business,email - Quick your company question,2026-02-09,email,Needs website audit,Free one-page website setup,,
Unknown Business,"California Air Conditioning Systems, Inc.",(310) 530-0504,Local Business,email - This caught my eye about your company,2026-02-10,email,Needs website audit,Free one-page website setup,,info@californiaac.com
Unknown Business,Airmaxx,(619) 330-5339,Local Business,email - Noticed something on your site,2026-02-10,email,Needs website audit,Free one-page website setup,,support@airmaxx.com
Unknown Business,Precision Comfort HVAC Services Orlando,(321) 917-3668,Local Business,No outreach yet,N/A,None,Needs website audit,Free one-page website setup,,
Unknown Business,"David Services, Inc.",972-920-5512,Local Business,No outreach yet,N/A,None,Needs website audit,Free one-page website setup,,
Unknown Business,My HVAC Guy,(817) 217-3120,Local Business,No outreach yet,N/A,None,Needs website audit,Free one-page website setup,,
Unknown Business,Fischer Heating & Air Conditioning,(206) 202-9499,Local Business,email - Noticed something on your site,2026-02-10,email,Needs website audit,Free one-page website setup,,info@fischerheating.com
Unknown Business,Baker Home Energy,877.578.8080,Local Business,email - This caught my eye about your company,2026-02-10,email,Needs website audit,Free one-page website setup,,info@bakerhomeenergy.com
Unknown Business,CM Heating,(425) 285-7694,Local Business,email - Quick question about your company,2026-02-10,email,Needs website audit,Free one-page website setup,,info@cmheating.com
Unknown Business,"Black Lion Heating, Air Conditioning & Electrical",(425) 814-3944,Local Business,"email - Black, saw something about your industry",2026-02-10,email,Needs website audit,Free one-page website setup,,info@blacklionhvac.com
Unknown Business,Glendale Heating & Air Conditioning,(206) 243-7700,Local Business,"email - Glendale, saw something about your industry",2026-02-10,email,Needs website audit,Free one-page website setup,,hello@glendaleheating.com
Unknown Business,Cornerstone Pros,(813) 921-2610,Local Business,email - Noticed something on your site,2026-02-10,email,Needs website audit,Free one-page website setup,,service@cornerstonepros.com
Unknown Business,Way Cool Plumbing and Air,(623) 250-6492,Local Business,email - Quick question about your company,2026-02-10,email,Needs website audit,Free one-page website setup,,kyle@callwaycool.com
Unknown Business,Shields A/C,(602) 620-0047,Local Business,email - Quick question about your company,2026-02-10,email,Needs website audit,Free one-page website setup,,shields.ac.az@gmail.com
Unknown Business,"Action Air Conditioning, Heating & Solar",(760) 727-4152,Local Business,"email - Action, saw something about your industry",2026-02-10,email,Needs website audit,Free one-page website setup,,yvonne.lanot@actionac.net
Unknown Business,"BelRed Heating, Cooling, Plumbing & Electrical",(855) 345-6161,Local Business,email - This caught my eye about your company,2026-02-10,email,Needs website audit,Free one-page website setup,,info@belred.com
Unknown Business,Blue Flame Heating & Air,206-388-5667,Local Business,email - Quick question about your company,2026-02-10,email,Needs website audit,Free one-page website setup,,kevin@blueflamecomfort.com
Unknown Business,We Care Air,(702) 272-2348,Local Business,email - Quick question about your company,2026-02-10,email,Needs website audit,Free one-page website setup,,info@wecareairlasvegas.com
Unknown Business,Garrison & Garrison,256-859-8500,Local Business,No outreach yet,N/A,None,Needs website audit,Free one-page website setup,,
Unknown Business,Guin Service,(205) 595-4846,Local Business,email - Noticed something on your site,2026-02-10,email,Needs website audit,Free one-page website setup,,info@guinservice.com
Unknown Business,Valley Heating & Cooling,(256) 474-7550,Local Business,No outreach yet,N/A,None,Needs website audit,Free one-page website setup,,
Unknown Business,Riley Heating & Air Conditioning,334-214-3417,Local Business,No outreach yet,N/A,None,Needs website audit,Free one-page website setup,,
Unknown Business,United Heating & Air,334-262-0247,Local Business,email - This caught my eye about your company,2026-02-10,email,Needs website audit,Free one-page website setup,,Anthony.snead@unitedheating.net
Unknown Business,Hembree Heating & Air Conditioning,(251) 259-4664,Local Business,No outreach yet,N/A,None,Needs website audit,Free one-page website setup,,
Unknown Business,"Standard Heating, Cooling & Plumbing",(205) 386-4001,Local Business,No outreach yet,N/A,None,Needs website audit,Free one-page website setup,,
Unknown Business,JC Hamm and Sons,(256) 764-7386,Local Business,"email - JC, saw something about your industry",2026-02-10,email,Needs website audit,Free one-page website setup,,tim@jchamm.tech
Unknown Business,Mainline Heating & Air Conditioning,205-315-5066,Local Business,No outreach yet,N/A,None,Needs website audit,Free one-page website setup,,
Unknown Business,"Coventry & Gattis A/C, Inc.",817-481-4286,Local Business,No outreach yet,N/A,None,Needs website audit,Free one-page website setup,,
Unknown Business,"George's Air Conditioning, LLC",(409) 744-1111,Local Business,No outreach yet,N/A,None,Needs website audit,Free one-page website setup,,
Unknown Business,Ewing Air Conditioning & Heating,972-693-2343,Local Business,email - This caught my eye about your company,2026-02-10,email,Needs website audit,Free one-page website setup,,ewingairandheat@gmail.com
Unknown Business,"Ideal Plumbing, Heating, Air & Electrical",619-583-7963,Local Business,email - Quick question about your company,2026-02-10,email,Needs website audit,Free one-page website setup,,ideal@idealservice.com
Unknown Business,Fuse HVAC,(669) 444-1101,Local Business,email - Quick question about your company,2026-02-10,email,Needs website audit,Free one-page website setup,,support@fuseservice.com
Unknown Business,Pacific Heating & Cooling,(253) 286-0512,Local Business,email - Noticed something on your site,2026-02-10,email,Needs website audit,Free one-page website setup,,customerservice@pacificheatingcooling.com
Unknown Business,Arizona TradeMasters,(602) 324-1840,Local Business,email - Noticed something on your site,2026-02-10,email,Needs website audit,Free one-page website setup,,service@aztrademasters.com
Unknown Business,Frank Gay Services,(407) 512-8102,Local Business,"email - Frank, saw something about your industry",2026-02-10,email,Needs website audit,Free one-page website setup,,info@frankgayservices.com
Unknown Business,"Rite Way Heating, Cooling & Plumbing",602-975-2306,Local Business,email - Noticed something on your site,2026-02-10,email,Needs website audit,Free one-page website setup,,info@ritewayac.com
Unknown Business,Olson Energy Service,206-782-5522,Local Business,email - This caught my eye about your company,2026-02-10,email,Needs website audit,Free one-page website setup,,jeff.amelio@olsonenergy.com
Unknown Business,DALCO Heating & Air Conditioning,303-979-7541,Local Business,"email - DALCO, saw something about your industry",2026-02-10,email,Needs website audit,Free one-page website setup,,info@dalcohvac.com
Unknown Business,Sierra Air Conditioning And Plumbing,(702) 344-1082,Local Business,email - Noticed something on your site,2026-02-10,email,Needs website audit,Free one-page website setup,,service@sierracoolslv.com
Unknown Business,Greens Energy Services Orlando,(407) 282-5000,Local Business,email - This caught my eye about your company,2026-02-10,email,Needs website audit,Free one-page website setup,,info@greensenergy.com
Unknown Business,Vegas Strong Heating & Cooling LLC,(702) 674-9775,Local Business,email - Noticed something on your site,2026-02-10,email,Needs website audit,Free one-page website setup,,bumblebreeze.ccr@anyhour.com
Unknown Business,Leeds Professional Resources,+12502211154,Local Business,email - None,2026-02-10,email,Needs website audit,Free 5-min website health check,http://www.leedsresources.com,
Unknown Business,Atlantic Partners Corporation,+15619129363,Local Business,email - None,2026-02-10,email,Needs website audit,Free 5-min website health check,http://www.atlanticpartnerscorp.com,
Unknown Business,SiiRA,+11078150855,Local Business,email - None,2026-02-10,email,Needs website audit,Free 5-min website health check,http://www.siira.world,
Unknown Business,ServiceOne Air Conditioning & Plumbing Orlando,(407) 499-8333,Local Business,No outreach yet,N/A,None,Needs website audit,Free one-page website setup,,
Unknown Business,Samm's Heating & Air Conditioning,972-645-4833,Local Business,email - This caught my eye about your company,2026-02-10,email,Needs website audit,Free one-page website setup,,service@sammsheatingandair.com
Unknown Business,"Sky Heating, AC, Plumbing & Electrical",(503) 563-2698,Local Business,email - Quick question about your company,2026-02-10,email,Needs website audit,Free one-page website setup,,csrleads@skyheating.com
Unknown Business,"Coppell Heating and Air Conditioning, Inc.",(972) 462-1882,Local Business,"email - Coppell, saw something about your industry",2026-02-10,email,Needs website audit,Free one-page website setup,,service@coppellac.com
Unknown Business,Hyland Services,(720) 709-2000,Local Business,"email - Hyland, saw something about your industry",2026-02-10,email,Needs website audit,Free one-page website setup,,support@hylandservices.com
Unknown Business,Bull Mountain Heating & Cooling,(503) 612-6677,Local Business,"email - Bull, saw something about your industry",2026-02-10,email,Needs website audit,Free one-page website setup,,info@BullMountainHeating.com
Unknown Business,"AAA Heating and Cooling, Inc.",503-284-2173,Local Business,email - Noticed something on your site,2026-02-10,email,Needs website audit,Free one-page website setup,,Sales@AAAIAQ.com
Unknown Business,Pyramid Heating & Cooling,(503) 416-2201,Local Business,email - This caught my eye about your company,2026-02-10,email,Needs website audit,Free one-page website setup,,gphillis@pyramidheating.com
Unknown Business,Huntsville Air Conditioning,(936) 295-6171,Local Business,No outreach yet,N/A,None,Needs website audit,Free one-page website setup,,
Unknown Business,Hutchins Plumbing & Air Conditioning,903-892-9925,Local Business,No outreach yet,N/A,None,Needs website audit,Free one-page website setup,,
Unknown Business,Burleson Air & Heat Systems Inc.,(817) 295-7892,Local Business,No outreach yet,N/A,None,Needs website audit,Free one-page website setup,,
Unknown Business,Cytech Heating & Cooling L C,(956) 804-5921,Local Business,email - Noticed something on your site,2026-02-10,email,Needs website audit,Free one-page website setup,,info@cytechheatingandcooling.com
Unknown Business,"Dutchman Heating & Cooling, Inc.",(630) 961-2220,Local Business,No outreach yet,N/A,None,Needs website audit,Free one-page website setup,,
Unknown Business,Rockford Heating & Air Conditioning,(815) 965-9494,Local Business,No outreach yet,N/A,None,Needs website audit,Free one-page website setup,,
Unknown Business,Fritch Heating & Cooling,(309) 807-2728,Local Business,No outreach yet,N/A,None,Needs website audit,Free one-page website setup,,
Unknown Business,Freedom Heating & Cooling,(847) 288-1788,Local Business,"email - Freedom, saw something about your industry",2026-02-10,email,Needs website audit,Free one-page website setup,,administrator@freedom.repair
Unknown Business,Texas Ace HVAC,469.846.0686,Local Business,"email - Texas, saw something about your industry",2026-02-10,email,Needs website audit,Free one-page website setup,,ta-service@lsmech.com
Unknown Business,Lone Star Heating and Air,903-748-5190,Local Business,email - Quick question about your company,2026-02-10,email,Needs website audit,Free one-page website setup,,support@lonestarhatxk.com
Unknown Business,Annette Hale's Indoor Comfort Systems,(256) 885-0430,Local Business,"email - Annette, saw something about your industry",2026-02-10,email,Needs website audit,Free one-page website setup,,info@indoorcomforthsv.com
Unknown Business,"Mansfield Plumbing, Electrical, Heating & Air",(817) 476-1341,Local Business,email - Quick question about your company,2026-02-10,email,Needs website audit,Free one-page website setup,,info@mansfieldtxplumbing.com
Unknown Business,Advanced Texas Air Conditioning,214-238-9373,Local Business,No outreach yet,N/A,None,Needs website audit,Free one-page website setup,,
Unknown Business,Team Enoch HVAC Austin,(817) 888-8880,Local Business,email - Quick question about your company,2026-02-10,email,Needs website audit,Free one-page website setup,,mail@teamenoch.com
Unknown Business,George's Air Conditioning,(409) 744-1111,Local Business,No outreach yet,N/A,None,Needs website audit,Free one-page website setup,,
Unknown Business,Wolverton Air,(972) 325-0955,Local Business,No outreach yet,N/A,None,Needs website audit,Free one-page website setup,,
Unknown Business,Colony Air Conditioning & Heating,972-591-0164,Local Business,No outreach yet,N/A,None,Needs website audit,Free one-page website setup,,
Unknown Business,South Belt Air Conditioning & Heating,(281) 992-4900,Local Business,No outreach yet,N/A,None,Needs website audit,Free one-page website setup,,
Unknown Business,James Lane,940-766-0244,Local Business,No outreach yet,N/A,None,Needs website audit,Free one-page website setup,,
Unknown Business,Four Seasons Heating & Cooling,866-444-2404,Local Business,No outreach yet,N/A,None,Needs website audit,Free one-page website setup,,
Unknown Business,Advantage Heating & Cooling,(224) 202-6982,Local Business,No outreach yet,N/A,None,Needs website audit,Free one-page website setup,,
Unknown Business,ABC Heating & Air Conditioning,217-352-5400,Local Business,No outreach yet,N/A,None,Needs website audit,Free one-page website setup,,
Unknown Business,Kern Heating & Cooling Co.,847-383-0350,Local Business,No outreach yet,N/A,None,Needs website audit,Free one-page website setup,,
Unknown Business,Leeds Professional Resources,+12502211154,Local Business,email - None,2026-02-10,email,Needs website audit,Free 5-min website health check,http://www.leedsresources.com,
